{
	"Targets": [
		{
			"Name": "LiveLinkHub",
			"Path": "C:\\Program Files\\Epic Games\\UE_5.5\\Engine\\Source\\Programs\\LiveLinkHub\\Source\\LiveLinkHub.Target.cs",
			"Type": "Editor"
		},
		{
			"Name": "DotNetPerforceLib",
			"Path": "C:\\Program Files\\Epic Games\\UE_5.5\\Engine\\Source\\Programs\\Shared\\EpicGames.Perforce.Native\\DotNetPerforceLib.Target.cs",
			"Type": "Program"
		},
		{
			"Name": "EventLoopUnitTests",
			"Path": "C:\\Program Files\\Epic Games\\UE_5.5\\Engine\\Source\\Runtime\\Online\\Experimental\\EventLoopTests\\EventLoopUnitTests.Target.cs",
			"Type": "Program"
		},
		{
			"Name": "UnrealEditor",
			"Path": "C:\\Program Files\\Epic Games\\UE_5.5\\Engine\\Source\\UnrealEditor.Target.cs",
			"Type": "Editor"
		},
		{
			"Name": "UnrealGame",
			"Path": "C:\\Program Files\\Epic Games\\UE_5.5\\Engine\\Source\\UnrealGame.Target.cs",
			"Type": "Game"
		},
		{
			"Name": "Aura",
			"Path": "..\\Source\\Aura.Target.cs",
			"Type": "Game"
		},
		{
			"Name": "AuraEditor",
			"Path": "..\\Source\\AuraEditor.Target.cs",
			"Type": "Editor"
		}
	]
}